INSERT INTO users (id, email, password_hash, role, created_at, updated_at)
VALUES
    (1, 'test@test.com', '$2a$10$QOQThAHip3KIdsSev3tT8ugVym/pQCC9D/01SRiOOako8Xf2TCDc2', 'USER', UTC_TIMESTAMP(6), UTC_TIMESTAMP(6)),
    (2, 'admin@test.com', '$2a$10$QOQThAHip3KIdsSev3tT8ugVym/pQCC9D/01SRiOOako8Xf2TCDc2', 'ADMIN', UTC_TIMESTAMP(6), UTC_TIMESTAMP(6));

INSERT INTO accounts (id, user_id, balance, equity, created_at, updated_at)
VALUES
    (1, 1, 100000.0000, 100000.0000, UTC_TIMESTAMP(6), UTC_TIMESTAMP(6)),
    (2, 2, 100000.0000, 100000.0000, UTC_TIMESTAMP(6), UTC_TIMESTAMP(6));

INSERT INTO instruments (id, symbol, name, type, leverage, last_price, active, created_at, updated_at)
VALUES
    (1, 'AAPL', 'Apple Inc.', 'STOCK', 1, 185.500000, 1, UTC_TIMESTAMP(6), UTC_TIMESTAMP(6)),
    (2, 'TSLA', 'Tesla Inc.', 'STOCK', 1, 220.250000, 1, UTC_TIMESTAMP(6), UTC_TIMESTAMP(6)),
    (3, 'EURUSD', 'Euro / US Dollar', 'FOREX', 30, 1.082000, 1, UTC_TIMESTAMP(6), UTC_TIMESTAMP(6)),
    (4, 'XAUUSD', 'Gold Spot', 'METAL', 20, 2050.000000, 1, UTC_TIMESTAMP(6), UTC_TIMESTAMP(6)),
    (5, 'SPY', 'SPDR S&P 500 ETF', 'ETF', 1, 500.750000, 1, UTC_TIMESTAMP(6), UTC_TIMESTAMP(6)),
    (6, 'MSFT', 'Microsoft Corp.', 'STOCK', 1, 412.330000, 1, UTC_TIMESTAMP(6), UTC_TIMESTAMP(6)),
    (7, 'NVDA', 'NVIDIA Corp.', 'STOCK', 1, 882.150000, 1, UTC_TIMESTAMP(6), UTC_TIMESTAMP(6)),
    (8, 'AMZN', 'Amazon.com Inc.', 'STOCK', 1, 173.410000, 1, UTC_TIMESTAMP(6), UTC_TIMESTAMP(6)),
    (9, 'GOOGL', 'Alphabet Class A', 'STOCK', 1, 147.260000, 1, UTC_TIMESTAMP(6), UTC_TIMESTAMP(6)),
    (10, 'META', 'Meta Platforms', 'STOCK', 1, 489.720000, 1, UTC_TIMESTAMP(6), UTC_TIMESTAMP(6)),
    (11, 'NFLX', 'Netflix Inc.', 'STOCK', 1, 602.540000, 1, UTC_TIMESTAMP(6), UTC_TIMESTAMP(6)),
    (12, 'AMD', 'Advanced Micro Devices', 'STOCK', 1, 187.860000, 1, UTC_TIMESTAMP(6), UTC_TIMESTAMP(6)),
    (13, 'PLTR', 'Palantir Technologies', 'STOCK', 1, 24.190000, 1, UTC_TIMESTAMP(6), UTC_TIMESTAMP(6)),
    (14, 'US500', 'US 500 Index', 'INDEX', 20, 5102.500000, 1, UTC_TIMESTAMP(6), UTC_TIMESTAMP(6)),
    (15, 'NAS100', 'US Tech 100 Index', 'INDEX', 20, 17980.400000, 1, UTC_TIMESTAMP(6), UTC_TIMESTAMP(6)),
    (16, 'US30', 'US 30 Index', 'INDEX', 20, 38980.000000, 1, UTC_TIMESTAMP(6), UTC_TIMESTAMP(6)),
    (17, 'GER40', 'Germany 40 Index', 'INDEX', 20, 18010.200000, 1, UTC_TIMESTAMP(6), UTC_TIMESTAMP(6)),
    (18, 'UK100', 'UK 100 Index', 'INDEX', 20, 7812.600000, 1, UTC_TIMESTAMP(6), UTC_TIMESTAMP(6)),
    (19, 'JPN225', 'Japan 225 Index', 'INDEX', 20, 39210.000000, 1, UTC_TIMESTAMP(6), UTC_TIMESTAMP(6)),
    (20, 'AUS200', 'Australia 200 Index', 'INDEX', 20, 7630.100000, 1, UTC_TIMESTAMP(6), UTC_TIMESTAMP(6)),
    (21, 'FRA40', 'France 40 Index', 'INDEX', 20, 8120.500000, 1, UTC_TIMESTAMP(6), UTC_TIMESTAMP(6)),
    (22, 'BTCUSD', 'Bitcoin / US Dollar', 'CRYPTO', 2, 64250.000000, 1, UTC_TIMESTAMP(6), UTC_TIMESTAMP(6)),
    (23, 'ETHUSD', 'Ethereum / US Dollar', 'CRYPTO', 2, 3350.000000, 1, UTC_TIMESTAMP(6), UTC_TIMESTAMP(6)),
    (24, 'SOLUSD', 'Solana / US Dollar', 'CRYPTO', 2, 148.200000, 1, UTC_TIMESTAMP(6), UTC_TIMESTAMP(6)),
    (25, 'XRPUSD', 'XRP / US Dollar', 'CRYPTO', 2, 0.621000, 1, UTC_TIMESTAMP(6), UTC_TIMESTAMP(6)),
    (26, 'ADAUSD', 'Cardano / US Dollar', 'CRYPTO', 2, 0.712000, 1, UTC_TIMESTAMP(6), UTC_TIMESTAMP(6)),
    (27, 'DOGEUSD', 'Dogecoin / US Dollar', 'CRYPTO', 2, 0.151000, 1, UTC_TIMESTAMP(6), UTC_TIMESTAMP(6)),
    (28, 'XAGUSD', 'Silver Spot', 'METAL', 20, 23.850000, 1, UTC_TIMESTAMP(6), UTC_TIMESTAMP(6)),
    (29, 'XPTUSD', 'Platinum Spot', 'METAL', 20, 930.200000, 1, UTC_TIMESTAMP(6), UTC_TIMESTAMP(6)),
    (30, 'XTIUSD', 'WTI Crude Oil', 'COMMODITY', 10, 77.230000, 1, UTC_TIMESTAMP(6), UTC_TIMESTAMP(6)),
    (31, 'XBRUSD', 'Brent Crude Oil', 'COMMODITY', 10, 81.450000, 1, UTC_TIMESTAMP(6), UTC_TIMESTAMP(6)),
    (32, 'NATGAS', 'Natural Gas', 'COMMODITY', 10, 2.150000, 1, UTC_TIMESTAMP(6), UTC_TIMESTAMP(6)),
    (33, 'CORN', 'Corn Futures', 'COMMODITY', 10, 4.320000, 1, UTC_TIMESTAMP(6), UTC_TIMESTAMP(6)),
    (34, 'WHEAT', 'Wheat Futures', 'COMMODITY', 10, 5.760000, 1, UTC_TIMESTAMP(6), UTC_TIMESTAMP(6)),
    (35, 'COCOA', 'Cocoa Futures', 'COMMODITY', 10, 7450.000000, 1, UTC_TIMESTAMP(6), UTC_TIMESTAMP(6)),
    (36, 'GBPUSD', 'British Pound / US Dollar', 'FOREX', 30, 1.273000, 1, UTC_TIMESTAMP(6), UTC_TIMESTAMP(6)),
    (37, 'USDJPY', 'US Dollar / Japanese Yen', 'FOREX', 30, 149.220000, 1, UTC_TIMESTAMP(6), UTC_TIMESTAMP(6)),
    (38, 'USDCHF', 'US Dollar / Swiss Franc', 'FOREX', 30, 0.885000, 1, UTC_TIMESTAMP(6), UTC_TIMESTAMP(6)),
    (39, 'AUDUSD', 'Australian Dollar / US Dollar', 'FOREX', 30, 0.659000, 1, UTC_TIMESTAMP(6), UTC_TIMESTAMP(6)),
    (40, 'NZDUSD', 'New Zealand Dollar / US Dollar', 'FOREX', 30, 0.611000, 1, UTC_TIMESTAMP(6), UTC_TIMESTAMP(6)),
    (41, 'USDCAD', 'US Dollar / Canadian Dollar', 'FOREX', 30, 1.355000, 1, UTC_TIMESTAMP(6), UTC_TIMESTAMP(6)),
    (42, 'EURJPY', 'Euro / Japanese Yen', 'FOREX', 30, 161.420000, 1, UTC_TIMESTAMP(6), UTC_TIMESTAMP(6)),
    (43, 'QQQ', 'Invesco QQQ Trust', 'ETF', 1, 430.340000, 1, UTC_TIMESTAMP(6), UTC_TIMESTAMP(6)),
    (44, 'DIA', 'SPDR Dow Jones ETF', 'ETF', 1, 390.820000, 1, UTC_TIMESTAMP(6), UTC_TIMESTAMP(6)),
    (45, 'IWM', 'iShares Russell 2000 ETF', 'ETF', 1, 201.510000, 1, UTC_TIMESTAMP(6), UTC_TIMESTAMP(6)),
    (46, 'LTCUSD', 'Litecoin / US Dollar', 'CRYPTO', 2, 88.430000, 1, UTC_TIMESTAMP(6), UTC_TIMESTAMP(6)),
    (47, 'BNBUSD', 'BNB / US Dollar', 'CRYPTO', 2, 512.600000, 1, UTC_TIMESTAMP(6), UTC_TIMESTAMP(6));

INSERT INTO market_prices (instrument_id, symbol, price, ts)
VALUES
    (1, 'AAPL', 185.500000, UTC_TIMESTAMP(6)),
    (2, 'TSLA', 220.250000, UTC_TIMESTAMP(6)),
    (3, 'EURUSD', 1.082000, UTC_TIMESTAMP(6)),
    (4, 'XAUUSD', 2050.000000, UTC_TIMESTAMP(6)),
    (5, 'SPY', 500.750000, UTC_TIMESTAMP(6)),
    (6, 'MSFT', 412.330000, UTC_TIMESTAMP(6)),
    (7, 'NVDA', 882.150000, UTC_TIMESTAMP(6)),
    (8, 'AMZN', 173.410000, UTC_TIMESTAMP(6)),
    (9, 'GOOGL', 147.260000, UTC_TIMESTAMP(6)),
    (10, 'META', 489.720000, UTC_TIMESTAMP(6)),
    (11, 'NFLX', 602.540000, UTC_TIMESTAMP(6)),
    (12, 'AMD', 187.860000, UTC_TIMESTAMP(6)),
    (13, 'PLTR', 24.190000, UTC_TIMESTAMP(6)),
    (14, 'US500', 5102.500000, UTC_TIMESTAMP(6)),
    (15, 'NAS100', 17980.400000, UTC_TIMESTAMP(6)),
    (16, 'US30', 38980.000000, UTC_TIMESTAMP(6)),
    (17, 'GER40', 18010.200000, UTC_TIMESTAMP(6)),
    (18, 'UK100', 7812.600000, UTC_TIMESTAMP(6)),
    (19, 'JPN225', 39210.000000, UTC_TIMESTAMP(6)),
    (20, 'AUS200', 7630.100000, UTC_TIMESTAMP(6)),
    (21, 'FRA40', 8120.500000, UTC_TIMESTAMP(6)),
    (22, 'BTCUSD', 64250.000000, UTC_TIMESTAMP(6)),
    (23, 'ETHUSD', 3350.000000, UTC_TIMESTAMP(6)),
    (24, 'SOLUSD', 148.200000, UTC_TIMESTAMP(6)),
    (25, 'XRPUSD', 0.621000, UTC_TIMESTAMP(6)),
    (26, 'ADAUSD', 0.712000, UTC_TIMESTAMP(6)),
    (27, 'DOGEUSD', 0.151000, UTC_TIMESTAMP(6)),
    (28, 'XAGUSD', 23.850000, UTC_TIMESTAMP(6)),
    (29, 'XPTUSD', 930.200000, UTC_TIMESTAMP(6)),
    (30, 'XTIUSD', 77.230000, UTC_TIMESTAMP(6)),
    (31, 'XBRUSD', 81.450000, UTC_TIMESTAMP(6)),
    (32, 'NATGAS', 2.150000, UTC_TIMESTAMP(6)),
    (33, 'CORN', 4.320000, UTC_TIMESTAMP(6)),
    (34, 'WHEAT', 5.760000, UTC_TIMESTAMP(6)),
    (35, 'COCOA', 7450.000000, UTC_TIMESTAMP(6)),
    (36, 'GBPUSD', 1.273000, UTC_TIMESTAMP(6)),
    (37, 'USDJPY', 149.220000, UTC_TIMESTAMP(6)),
    (38, 'USDCHF', 0.885000, UTC_TIMESTAMP(6)),
    (39, 'AUDUSD', 0.659000, UTC_TIMESTAMP(6)),
    (40, 'NZDUSD', 0.611000, UTC_TIMESTAMP(6)),
    (41, 'USDCAD', 1.355000, UTC_TIMESTAMP(6)),
    (42, 'EURJPY', 161.420000, UTC_TIMESTAMP(6)),
    (43, 'QQQ', 430.340000, UTC_TIMESTAMP(6)),
    (44, 'DIA', 390.820000, UTC_TIMESTAMP(6)),
    (45, 'IWM', 201.510000, UTC_TIMESTAMP(6)),
    (46, 'LTCUSD', 88.430000, UTC_TIMESTAMP(6)),
    (47, 'BNBUSD', 512.600000, UTC_TIMESTAMP(6));
