INSERT INTO users (id, email, password_hash, role, created_at, updated_at)
VALUES
    (1, 'test@test.com', '$2a$10$7EqJtq98hPqEX7fNZaFWoO5J6WjLJ6U6zsz5WzxubUoil58x2oyS2', 'USER', NOW(), NOW()),
    (2, 'admin@test.com', '$2a$10$7EqJtq98hPqEX7fNZaFWoO5J6WjLJ6U6zsz5WzxubUoil58x2oyS2', 'ADMIN', NOW(), NOW())
ON CONFLICT (id) DO NOTHING;

INSERT INTO accounts (id, user_id, balance, equity, created_at, updated_at)
VALUES
    (1, 1, 100000.0000, 100000.0000, NOW(), NOW()),
    (2, 2, 100000.0000, 100000.0000, NOW(), NOW())
ON CONFLICT (id) DO NOTHING;

INSERT INTO instruments (id, symbol, name, type, leverage, last_price, active, created_at, updated_at)
VALUES
    (1, 'AAPL', 'Apple Inc.', 'STOCK', 1, 185.500000, true, NOW(), NOW()),
    (2, 'TSLA', 'Tesla Inc.', 'STOCK', 1, 220.250000, true, NOW(), NOW()),
    (3, 'EURUSD', 'Euro / US Dollar', 'FOREX', 30, 1.082000, true, NOW(), NOW()),
    (4, 'XAUUSD', 'Gold Spot', 'METAL', 20, 2050.000000, true, NOW(), NOW()),
    (5, 'SPY', 'SPDR S&P 500 ETF', 'ETF', 1, 500.750000, true, NOW(), NOW()),
    (6, 'MSFT', 'Microsoft Corp.', 'STOCK', 1, 412.330000, true, NOW(), NOW()),
    (7, 'NVDA', 'NVIDIA Corp.', 'STOCK', 1, 882.150000, true, NOW(), NOW()),
    (8, 'AMZN', 'Amazon.com Inc.', 'STOCK', 1, 173.410000, true, NOW(), NOW()),
    (9, 'GOOGL', 'Alphabet Class A', 'STOCK', 1, 147.260000, true, NOW(), NOW()),
    (10, 'META', 'Meta Platforms', 'STOCK', 1, 489.720000, true, NOW(), NOW()),
    (11, 'NFLX', 'Netflix Inc.', 'STOCK', 1, 602.540000, true, NOW(), NOW()),
    (12, 'AMD', 'Advanced Micro Devices', 'STOCK', 1, 187.860000, true, NOW(), NOW()),
    (13, 'PLTR', 'Palantir Technologies', 'STOCK', 1, 24.190000, true, NOW(), NOW()),
    (14, 'US500', 'US 500 Index', 'INDEX', 20, 5102.500000, true, NOW(), NOW()),
    (15, 'NAS100', 'US Tech 100 Index', 'INDEX', 20, 17980.400000, true, NOW(), NOW()),
    (16, 'US30', 'US 30 Index', 'INDEX', 20, 38980.000000, true, NOW(), NOW()),
    (17, 'GER40', 'Germany 40 Index', 'INDEX', 20, 18010.200000, true, NOW(), NOW()),
    (18, 'UK100', 'UK 100 Index', 'INDEX', 20, 7812.600000, true, NOW(), NOW()),
    (19, 'JPN225', 'Japan 225 Index', 'INDEX', 20, 39210.000000, true, NOW(), NOW()),
    (20, 'AUS200', 'Australia 200 Index', 'INDEX', 20, 7630.100000, true, NOW(), NOW()),
    (21, 'FRA40', 'France 40 Index', 'INDEX', 20, 8120.500000, true, NOW(), NOW()),
    (22, 'BTCUSD', 'Bitcoin / US Dollar', 'CRYPTO', 2, 64250.000000, true, NOW(), NOW()),
    (23, 'ETHUSD', 'Ethereum / US Dollar', 'CRYPTO', 2, 3350.000000, true, NOW(), NOW()),
    (24, 'SOLUSD', 'Solana / US Dollar', 'CRYPTO', 2, 148.200000, true, NOW(), NOW()),
    (25, 'XRPUSD', 'XRP / US Dollar', 'CRYPTO', 2, 0.621000, true, NOW(), NOW()),
    (26, 'ADAUSD', 'Cardano / US Dollar', 'CRYPTO', 2, 0.712000, true, NOW(), NOW()),
    (27, 'DOGEUSD', 'Dogecoin / US Dollar', 'CRYPTO', 2, 0.151000, true, NOW(), NOW()),
    (28, 'XAGUSD', 'Silver Spot', 'METAL', 20, 23.850000, true, NOW(), NOW()),
    (29, 'XPTUSD', 'Platinum Spot', 'METAL', 20, 930.200000, true, NOW(), NOW()),
    (30, 'XTIUSD', 'WTI Crude Oil', 'COMMODITY', 10, 77.230000, true, NOW(), NOW()),
    (31, 'XBRUSD', 'Brent Crude Oil', 'COMMODITY', 10, 81.450000, true, NOW(), NOW()),
    (32, 'NATGAS', 'Natural Gas', 'COMMODITY', 10, 2.150000, true, NOW(), NOW()),
    (33, 'CORN', 'Corn Futures', 'COMMODITY', 10, 4.320000, true, NOW(), NOW()),
    (34, 'WHEAT', 'Wheat Futures', 'COMMODITY', 10, 5.760000, true, NOW(), NOW()),
    (35, 'COCOA', 'Cocoa Futures', 'COMMODITY', 10, 7450.000000, true, NOW(), NOW()),
    (36, 'GBPUSD', 'British Pound / US Dollar', 'FOREX', 30, 1.273000, true, NOW(), NOW()),
    (37, 'USDJPY', 'US Dollar / Japanese Yen', 'FOREX', 30, 149.220000, true, NOW(), NOW()),
    (38, 'USDCHF', 'US Dollar / Swiss Franc', 'FOREX', 30, 0.885000, true, NOW(), NOW()),
    (39, 'AUDUSD', 'Australian Dollar / US Dollar', 'FOREX', 30, 0.659000, true, NOW(), NOW()),
    (40, 'NZDUSD', 'New Zealand Dollar / US Dollar', 'FOREX', 30, 0.611000, true, NOW(), NOW()),
    (41, 'USDCAD', 'US Dollar / Canadian Dollar', 'FOREX', 30, 1.355000, true, NOW(), NOW()),
    (42, 'EURJPY', 'Euro / Japanese Yen', 'FOREX', 30, 161.420000, true, NOW(), NOW()),
    (43, 'QQQ', 'Invesco QQQ Trust', 'ETF', 1, 430.340000, true, NOW(), NOW()),
    (44, 'DIA', 'SPDR Dow Jones ETF', 'ETF', 1, 390.820000, true, NOW(), NOW()),
    (45, 'IWM', 'iShares Russell 2000 ETF', 'ETF', 1, 201.510000, true, NOW(), NOW()),
    (46, 'LTCUSD', 'Litecoin / US Dollar', 'CRYPTO', 2, 88.430000, true, NOW(), NOW()),
    (47, 'BNBUSD', 'BNB / US Dollar', 'CRYPTO', 2, 512.600000, true, NOW(), NOW())
ON CONFLICT (id) DO NOTHING;

INSERT INTO market_prices (instrument_id, symbol, price, ts)
VALUES
    (1, 'AAPL', 185.500000, NOW()),
    (2, 'TSLA', 220.250000, NOW()),
    (3, 'EURUSD', 1.082000, NOW()),
    (4, 'XAUUSD', 2050.000000, NOW()),
    (5, 'SPY', 500.750000, NOW()),
    (6, 'MSFT', 412.330000, NOW()),
    (7, 'NVDA', 882.150000, NOW()),
    (8, 'AMZN', 173.410000, NOW()),
    (9, 'GOOGL', 147.260000, NOW()),
    (10, 'META', 489.720000, NOW()),
    (11, 'NFLX', 602.540000, NOW()),
    (12, 'AMD', 187.860000, NOW()),
    (13, 'PLTR', 24.190000, NOW()),
    (14, 'US500', 5102.500000, NOW()),
    (15, 'NAS100', 17980.400000, NOW()),
    (16, 'US30', 38980.000000, NOW()),
    (17, 'GER40', 18010.200000, NOW()),
    (18, 'UK100', 7812.600000, NOW()),
    (19, 'JPN225', 39210.000000, NOW()),
    (20, 'AUS200', 7630.100000, NOW()),
    (21, 'FRA40', 8120.500000, NOW()),
    (22, 'BTCUSD', 64250.000000, NOW()),
    (23, 'ETHUSD', 3350.000000, NOW()),
    (24, 'SOLUSD', 148.200000, NOW()),
    (25, 'XRPUSD', 0.621000, NOW()),
    (26, 'ADAUSD', 0.712000, NOW()),
    (27, 'DOGEUSD', 0.151000, NOW()),
    (28, 'XAGUSD', 23.850000, NOW()),
    (29, 'XPTUSD', 930.200000, NOW()),
    (30, 'XTIUSD', 77.230000, NOW()),
    (31, 'XBRUSD', 81.450000, NOW()),
    (32, 'NATGAS', 2.150000, NOW()),
    (33, 'CORN', 4.320000, NOW()),
    (34, 'WHEAT', 5.760000, NOW()),
    (35, 'COCOA', 7450.000000, NOW()),
    (36, 'GBPUSD', 1.273000, NOW()),
    (37, 'USDJPY', 149.220000, NOW()),
    (38, 'USDCHF', 0.885000, NOW()),
    (39, 'AUDUSD', 0.659000, NOW()),
    (40, 'NZDUSD', 0.611000, NOW()),
    (41, 'USDCAD', 1.355000, NOW()),
    (42, 'EURJPY', 161.420000, NOW()),
    (43, 'QQQ', 430.340000, NOW()),
    (44, 'DIA', 390.820000, NOW()),
    (45, 'IWM', 201.510000, NOW()),
    (46, 'LTCUSD', 88.430000, NOW()),
    (47, 'BNBUSD', 512.600000, NOW());

SELECT setval(pg_get_serial_sequence('users', 'id'), COALESCE((SELECT MAX(id) FROM users), 1), true);
SELECT setval(pg_get_serial_sequence('accounts', 'id'), COALESCE((SELECT MAX(id) FROM accounts), 1), true);
SELECT setval(pg_get_serial_sequence('instruments', 'id'), COALESCE((SELECT MAX(id) FROM instruments), 1), true);
